0,0.00100649
1,0.000990547
2,0.00100114
3,0.00100088
4,0.000994287
5,0.000999751
6,0.000999399
7,0.00100175
8,0.000997991
9,0.00100001
10,0.00100005
11,0.00100079
12,0.000999196
13,0.000999991
14,0.00100001
15,0.00100031
16,0.000999658
17,0.000999992
18,0.00100006
19,0.00100203
20,0.000997992
21,0.000999954
22,0.00100001
23,0.00100008
24,0.00100001
25,0.000999991
26,0.00100003
27,0.000999991
28,0.00100003
29,0.00100001
30,0.00100001
31,0.000999973
32,0.000999973
33,0.0010006
34,0.000999713
35,0.00100057
36,0.000999454
37,0.000999954
38,0.00100007
39,0.00100003
40,0.000999936
41,0.00100005
42,0.000999954
43,0.00100001
44,0.00100001
45,0.000999955
46,0.00100005
47,0.000999955
48,0.00100023
49,0.00100018
50,0.00100005
51,0.000999973
52,0.000999973
53,0.00100005
54,0.00100003
55,0.000999954
56,0.00100003
57,0.000999918
58,0.00100006
59,0.000999973
60,0.00100003
61,0.000999992
62,0.000999954
63,0.00100007
64,0.0010004
65,0.00100042
66,0.00100003
67,0.00100001
68,0.000999991
69,0.00100005
70,0.000999955
71,0.00100003
72,0.000999992
73,0.000999991
74,0.000999991
75,0.00100003
76,0.000999991
77,0.000999973
78,0.000999954
79,0.00100007
80,0.000999991
81,0.000999992
82,0.000999935
83,0.00100005
84,0.00100014
85,0.00100227
86,0.00100021
87,0.000999935
88,0.00100003
89,0.00100001
90,0.000999917
91,0.00100008
92,0.000999954
93,0.00100005
94,0.00100047
95,0.00100008
96,0.000999936
97,0.000999714
98,0.000999602
99,0.00100046
100,0.000999639
101,0.00100016
102,0.000999862
103,0.00100005
104,0.00100003
105,0.000999973
106,0.000999954
107,0.00100008
108,0.000999862
109,0.00100042
110,0.000999972
111,0.00100008
112,0.000999603
113,0.0010001
114,0.000999825
115,0.00100014
116,0.000999973
117,0.000999935
118,0.00100008
119,0.00100005
120,0.000999936
121,0.000999936
122,0.000999973
123,0.00100014
124,0.000999899
125,0.00100001
126,0.0010001
127,0.000999991
128,0.000999917
129,0.000999992
130,0.00100001
131,0.000999898
132,0.00100008
133,0.0010001
134,0.00099988
135,0.000999973
136,0.00100001
137,0.00100008
138,0.00099988
139,0.00100007
140,0.00100001
141,0.00100016
142,0.00100019
143,0.000999991
144,0.000999695
145,0.00100018
146,0.000999843
147,0.000999936
148,0.00100005
149,0.000999936
150,0.00100005
151,0.00100001
152,0.00100003
153,0.000999936
154,0.00100006
155,0.00100007
156,0.000999769
157,0.00100021
158,0.000999881
159,0.000999954
160,0.00100018
161,0.00100005
162,0.00100003
163,0.000999991
164,0.00100001
165,0.000999751
166,0.00100012
167,0.000999954
168,0.00099988
169,0.00100012
170,0.000999991
171,0.0010001
172,0.000999936
173,0.000999955
174,0.00100003
175,0.000999973
176,0.000999991
177,0.00100001
178,0.000999917
179,0.00100001
180,0.00100008
181,0.000999992
182,0.00100003
183,0.00100003
184,0.000999991
185,0.000999899
186,0.00100006
187,0.000999992
188,0.00100003
189,0.0010001
190,0.000999861
191,0.00100001
192,0.00100001
193,0.00100003
194,0.000999935
195,0.00100007
196,0.000999973
197,0.00100003
198,0.000999973
199,0.000999973
200,0.00100005
201,0.000999862
202,0.00100014
203,0.000999954
204,0.000999992
205,0.00100003
206,0.00100003
207,0.000999991
208,0.00100001
209,0.000999954
210,0.000999936
211,0.00100005
212,0.000999992
213,0.00100008
214,0.000999844
215,0.00100019
216,0.000999899
217,0.00100005
218,0.000999972
219,0.00100003
220,0.000999973
221,0.000999973
222,0.000999972
223,0.00100008
224,0.000999973
225,0.000999973
226,0.00100007
227,0.000999843
228,0.0010002
229,0.000999806
230,0.00100003
231,0.00100016
232,0.000999898
233,0.000999899
234,0.0010002
235,0.000999862
236,0.00100008
237,0.000999825
238,0.00100019
239,0.000999936
240,0.00100005
241,0.000999973
242,0.00100003
243,0.00099988
244,0.00100014
245,0.000999824
246,0.00100016
247,0.000999991
248,0.000999936
249,0.00100008
250,0.000999843
251,0.00100025
252,0.000999713
253,0.00100023
254,0.00100003
255,0.000999973
256,0.00100001
257,0.00100005
258,0.000999954
259,0.00100001
260,0.000999824
261,0.000999973
262,0.000999955
263,0.00100029
264,0.000999881
265,0.00100001
266,0.00099988
267,0.00100086
268,0.000999435
269,0.000999825
270,0.000999862
271,0.00100042
272,0.00100012
273,0.000999584
274,0.000999973
275,0.00100012
276,0.000999862
277,0.00100006
278,0.0010001
279,0.00099988
280,0.000999973
281,0.000999936
282,0.00100006
283,0.000999918
284,0.00100014
285,0.000999936
286,0.000999936
287,0.00100016
288,0.000999917
289,0.000999973
290,0.00100003
291,0.000999955
292,0.00100007
293,0.00100001
294,0.000999973
295,0.00100012
296,0.000999825
297,0.0010001
298,0.000999825
299,0.0010002
300,0.000999899
301,0.00100001
302,0.00099988
303,0.00100025
304,0.000999843
305,0.00100003
306,0.000999992
307,0.00100005
308,0.000999954
309,0.000999954
310,0.00100012
311,0.000999992
312,0.000999917
313,0.00100005
314,0.000999991
315,0.00100001
316,0.00100003
317,0.000999954
318,0.000999954
319,0.0010001
320,0.000999973
321,0.000999991
322,0.000999992
323,0.000999861
324,0.00100038
325,0.000999695
326,0.00100018
327,0.00100016
328,0.000999733
329,0.00100006
330,0.00099988
331,0.00100014
332,0.000999936
333,0.000999954
334,0.00100001
335,0.000999936
336,0.00100001
337,0.00100008
338,0.000999935
339,0.00100007
340,0.000999954
341,0.00100001
342,0.000999992
343,0.000999954
344,0.00100008
345,0.000999973
346,0.00100003
347,0.00100005
348,0.000999843
349,0.00100007
350,0.000999991
351,0.00100012
352,0.00099988
353,0.00100007
354,0.000999917
355,0.0010001
356,0.000999954
357,0.000999936
358,0.00100006
359,0.00100003
360,0.000999954
361,0.00100003
362,0.000999898
363,0.00100012
364,0.00100001
365,0.000999103
366,0.00099988
367,0.00100008
368,0.00100007
369,0.000999787
370,0.00100016
371,0.000999973
372,0.000999899
373,0.00100021
374,0.000999972
375,0.00100079
376,0.00100021
377,0.000999861
378,0.000999936
379,0.00100012
380,0.00100001
381,0.000999751
382,0.0010001
383,0.00100005
384,0.00100012
385,0.000999881
386,0.000999917
387,0.00100016
388,0.000999954
389,0.000999862
390,0.00100008
391,0.00100001
392,0.000999991
393,0.00100001
394,0.00100005
395,0.000999992
396,0.00100008
397,0.00099975
398,0.00100008
399,0.000999992
400,0.00100003
401,0.000999936
402,0.000999991
403,0.00100007
404,0.000999973
405,0.00100003
406,0.00100001
407,0.00100006
408,0.00100005
409,0.000999844
410,0.00100008
411,0.00100001
412,0.000999899
413,0.0010001
414,0.000999973
415,0.000999954
416,0.00100014
417,0.000999936
418,0.000999844
419,0.00100005
420,0.00100018
421,0.00099988
422,0.00100005
423,0.00100003
424,0.00100005
425,0.000999898
426,0.00100007
427,0.000999954
428,0.0010001
429,0.000999824
430,0.000999955
431,0.00100016
432,0.000999936
433,0.000999991
434,0.000999991
435,0.00100003
436,0.000999862
437,0.0010001
438,0.00100001
439,0.00100008
440,0.000999954
441,0.000999992
442,0.000999899
443,0.0010001
444,0.00100001
445,0.00100005
446,0.000999825
447,0.00100016
448,0.000999973
449,0.000999991
450,0.000999862
451,0.00100012
452,0.000999899
453,0.000999972
454,0.00100008
455,0.000999992
456,0.00100014
457,0.000999899
458,0.00100003
459,0.000999843
460,0.00100023
461,0.00099988
462,0.00100001
463,0.000999973
464,0.00100008
465,0.000999862
466,0.00100012
467,0.000999973
468,0.00100012
469,0.00099988
470,0.000999917
471,0.00100008
472,0.000999992
473,0.00099988
474,0.00100012
475,0.00100005
476,0.000999936
477,0.000999991
478,0.00100005
479,0.000999991
480,0.00100001
481,0.00100003
482,0.000999973
483,0.000999861
484,0.00100016
485,0.000999918
486,0.00100008
487,0.000999972
488,0.000999973
489,0.00100001
490,0.00100005
491,0.00099988
492,0.00100012
493,0.000999862
494,0.00100003
495,0.00100012
496,0.000999917
497,0.00100021
498,0.000999861
499,0.000999973
500,0.00100005
501,0.000999955
502,0.000999935
503,0.00100014
504,0.000999899
505,0.000999899
506,0.00100001
507,0.00100016
508,0.000999973
509,0.000999973
510,0.00099988
511,0.0010002
512,0.000999898
513,0.00100005
514,0.000999992
515,0.000999973
516,0.000999861
517,0.00100008
518,0.00100003
519,0.00100001
520,0.00100005
521,0.000999991
522,0.000999954
523,0.00100014
524,0.000999862
525,0.00100005
526,0.000999954
527,0.00100007
528,0.000999918
529,0.000999991
530,0.00100007
531,0.000999972
532,0.000999992
533,0.00100003
534,0.00100003
535,0.000999806
536,0.00100023
537,0.000999862
538,0.0010001
539,0.000999843
540,0.00100016
541,0.000999954
542,0.000999917
543,0.0010001
544,0.000999936
545,0.00100008
546,0.000999806
547,0.0010001
548,0.00100003
549,0.000999991
550,0.00100007
551,0.000999991
552,0.000999862
553,0.00100016
554,0.00099988
555,0.00100012
556,0.000999862
557,0.00100008
558,0.00100001
559,0.00100001
560,0.000999898
561,0.00100007
562,0.00100005
563,0.000999973
564,0.00100005
565,0.00100001
566,0.000999955
567,0.00100003
568,0.000999973
569,0.000999917
570,0.0010001
571,0.000999973
572,0.000999991
573,0.000999917
574,0.00100005
575,0.000999936
576,0.0010001
577,0.000999973
578,0.00100006
579,0.00100005
580,0.000999917
581,0.00100005
582,0.000999918
583,0.00100012
584,0.000999917
585,0.00100006
586,0.000999788
587,0.00100012
588,0.0010001
589,0.000999935
590,0.00100007
591,0.000999991
592,0.000999955
593,0.000999861
594,0.00100016
595,0.000999973
596,0.00100005
597,0.000999992
598,0.000999935
599,0.00100007
600,0.000999862
601,0.00100014
602,0.000999955
603,0.00100003
604,0.00100003
605,0.000999973
606,0.00100044
607,0.000999695
608,0.000999936
609,0.000999973
610,0.000999899
611,0.00100006
612,0.00100001
613,0.000999991
614,0.000999918
615,0.00100008
616,0.000999973
617,0.00100003
618,0.000999954
619,0.000999973
620,0.00100005
621,0.00100001
622,0.000999917
623,0.00100003
624,0.00100008
625,0.000999936
626,0.00100006
627,0.000999917
628,0.000999936
629,0.00100014
630,0.000999899
631,0.00100008
632,0.000999954
633,0.00100001
634,0.000999917
635,0.00100014
636,0.000999954
637,0.000999936
638,0.00100005
639,0.00100014
640,0.000999899
641,0.00099988
642,0.00100008
643,0.00100018
644,0.000999862
645,0.000999973
646,0.000999935
647,0.00100018
648,0.000999843
649,0.00100001
650,0.00100005
651,0.00100005
652,0.000999917
653,0.000999955
654,0.00100006
655,0.000999899
656,0.00100012
657,0.000999825
658,0.00100019
659,0.0010001
660,0.000999732
661,0.00100016
662,0.000999936
663,0.00100014
664,0.00100003
665,0.000999881
666,0.000999917
667,0.000999991
668,0.0010001
669,0.000999973
670,0.00099988
671,0.00100012
672,0.000999862
673,0.00100008
674,0.00100008
675,0.000999954
676,0.000999991
677,0.000999918
678,0.00100006
679,0.0010001
680,0.000999991
681,0.000999899
682,0.00100005
683,0.000999954
684,0.00100008
685,0.000999899
686,0.0010001
687,0.000999955
688,0.00100003
689,0.000999973
690,0.00100003
691,0.000999936
692,0.00100003
693,0.000999954
694,0.00100005
695,0.000999954
696,0.0010001
697,0.000999991
698,0.000999992
699,0.000999973
700,0.000999991
701,0.00100003
702,0.000999955
703,0.0010001
704,0.000999955
705,0.000999917
706,0.00100008
707,0.000999954
708,0.00100005
709,0.000999954
710,0.00100007
711,0.000999862
712,0.00100003
713,0.00100005
714,0.000999917
715,0.00100008
716,0.00100001
717,0.00100005
718,0.000999843
719,0.00100012
720,0.000999881
721,0.0010001
722,0.000999899
723,0.00100008
724,0.00100001
725,0.000999936
726,0.0010001
727,0.000999936
728,0.00100006
729,0.000999955
730,0.000999917
731,0.00100012
732,0.000999955
733,0.000999991
734,0.00100008
735,0.000999917
736,0.00100005
737,0.000999973
738,0.000999991
739,0.00100003
740,0.00099988
741,0.00100007
742,0.00100006
743,0.00100001
744,0.000999862
745,0.00100016
746,0.000999936
747,0.00100003
748,0.000999936
749,0.00100005
750,0.00100001
751,0.00099988
752,0.00100016
753,0.000999917
754,0.0010001
755,0.00100031
756,0.000999621
757,0.00100012
758,0.00100003
759,0.000999918
760,0.00099575
761,0.000999973
762,0.000999918
763,0.00100016
764,0.00100016
765,0.000999732
766,0.00100001
767,0.00100001
768,0.00100001
769,0.000999972
770,0.00100003
771,0.000999954
772,0.00100001
773,0.000999992
774,0.000999954
775,0.00100003
776,0.00100005
777,0.000999973
778,0.000999992
779,0.00100003
780,0.000999973
781,0.00100005
782,0.000999991
783,0.000999973
784,0.00100001
785,0.00100416
786,0.00100008
787,0.000999973
788,0.000999917
789,0.00100014
790,0.000999898
791,0.00100008
792,0.000999862
793,0.00100001
794,0.00100014
795,0.000999843
796,0.00100005
797,0.00100012
798,0.000999954
799,0.000999936
800,0.00100003
801,0.00100003
802,0.000999954
803,0.000999918
804,0.0010002
805,0.000999935
806,0.00100001
807,0.000999992
808,0.000999861
809,0.0010002
810,0.000999935
811,0.00100001
812,0.00100001
813,0.000999918
814,0.00100003
815,0.0010001
816,0.000999918
817,0.00100005
818,0.000999954
819,0.00100003
820,0.000999992
821,0.000999936
822,0.00100006
823,0.00100005
824,0.000999954
825,0.000999918
826,0.00100014
827,0.000999936
828,0.000999936
829,0.00100012
830,0.000999954
831,0.000999918
832,0.000999973
833,0.00100006
834,0.00100008
835,0.000999899
836,0.00100005
837,0.00100001
838,0.000999954
839,0.00100006
840,0.000999992
841,0.000999991
842,0.000999992
843,0.00100006
844,0.000999954
845,0.000999936
846,0.00100007
847,0.00100012
848,0.000999843
849,0.000999991
850,0.00100007
851,0.00099988
852,0.000999973
853,0.00100018
854,0.000999918
855,0.00100006
856,0.000999992
857,0.00100001
858,0.000999954
859,0.000999973
860,0.00100003
861,0.00099988
862,0.00100012
863,0.000999992
864,0.00100001
865,0.000999917
866,0.000999991
867,0.00100008
868,0.00100001
869,0.00100001
870,0.000999806
871,0.00100021
872,0.000999954
873,0.000999973
874,0.00100001
875,0.00100003
876,0.000999954
877,0.000999936
878,0.00100012
879,0.000999973
880,0.000999991
881,0.000999936
882,0.000999991
883,0.00100014
884,0.000999899
885,0.000999972
886,0.0010001
887,0.000999991
888,0.000999844
889,0.00100019
890,0.000999824
891,0.00100014
892,0.000999917
893,0.00100003
894,0.00100003
895,0.00100003
896,0.00100006
897,0.000999806
898,0.00100007
899,0.00100006
900,0.000999973
901,0.000999991
902,0.00100001
903,0.00100005
904,0.000999955
905,0.000999991
906,0.000999936
907,0.00100016
908,0.000999954
909,0.000999806
910,0.00100021
911,0.00100001
912,0.000999936
913,0.00099988
914,0.00100012
915,0.00100001
916,0.000999973
917,0.00100003
918,0.000999992
919,0.000999991
920,0.00100001
921,0.000999843
922,0.00100016
923,0.000999992
924,0.000999973
925,0.00100001
926,0.00100003
927,0.00100001
928,0.000999917
929,0.00100007
930,0.00099988
931,0.00100016
932,0.000999954
933,0.000999862
934,0.0010002
935,0.00099988
936,0.000999992
937,0.00100012
938,0.000999787
939,0.00100021
940,0.000999954
941,0.00100001
942,0.000999936
943,0.00100003
944,0.000999972
945,0.00100008
946,0.000999936
947,0.00100003
948,0.00100001
949,0.000999991
950,0.000999917
951,0.0010001
952,0.000999991
953,0.000999973
954,0.00100001
955,0.00100003
956,0.000999973
957,0.000999881
958,0.00100025
959,0.000999973
960,0.00100025
961,0.00100023
962,0.00099975
963,0.00100005
964,0.000996918
965,0.00100101
966,0.00100036
967,0.000998603
968,0.000999751
969,0.00100101
970,0.00100016
971,0.0010006
972,0.000999232
973,0.00100133
974,0.000999028
975,0.000999232
976,0.000999603
977,0.00100247
978,0.00099788
979,0.00100001
980,0.000999602
981,0.000999955
982,0.000999936
983,0.00100012
984,0.000999676
985,0.000999751
986,0.00100021
987,0.000999862
988,0.00100021
989,0.000999899
990,0.00100107
991,0.000998991
992,0.000999862
993,0.00100018
994,0.00100008
995,0.000999899
996,0.00100105
997,0.00100042
998,0.000999028
999,0.00100062
