0,0.0010032
1,0.000997214
2,0.000992176
3,0.0010004
4,0.00100119
5,0.00100047
6,0.000998454
7,0.000998825
8,0.00099925
9,0.00100203
10,0.000997973
11,0.000999954
12,0.00100001
13,0.00100027
14,0.000999769
15,0.00100001
16,0.000999991
17,0.00100307
18,0.000997009
19,0.000999936
20,0.00100001
21,0.00100005
22,0.000999954
23,0.000999992
24,0.00100003
25,0.000999954
26,0.00100003
27,0.000999991
28,0.00100001
29,0.000999991
30,0.000999973
31,0.00100005
32,0.00100079
33,0.000999176
34,0.00100042
35,0.000999714
36,0.00099988
37,0.00100025
38,0.00099975
39,0.000999992
40,0.0010001
41,0.000999936
42,0.000999936
43,0.00100005
44,0.000999973
45,0.00100003
46,0.000999991
47,0.000999992
48,0.000999972
49,0.00100005
50,0.000999955
51,0.00100003
52,0.000999973
53,0.00100005
54,0.000999991
55,0.000999973
56,0.00100003
57,0.000999992
58,0.00100001
59,0.000999936
60,0.00100007
61,0.000999954
62,0.00100001
63,0.00100003
64,0.000999992
65,0.00100001
66,0.000999992
67,0.000999991
68,0.000999991
69,0.00100003
70,0.000999973
71,0.00100003
72,0.000999991
73,0.000999992
74,0.000999973
75,0.00100005
76,0.000999955
77,0.00100005
78,0.000999972
79,0.00100001
80,0.000999992
81,0.00100001
82,0.000999972
83,0.00100003
84,0.000999991
85,0.00100001
86,0.000999954
87,0.00100005
88,0.000999973
89,0.00100029
90,0.00099975
91,0.000999973
92,0.000999991
93,0.00100003
94,0.000999973
95,0.00100003
96,0.000999991
97,0.00100012
98,0.00099988
99,0.000999955
100,0.00100001
101,0.00100005
102,0.000999972
103,0.00100003
104,0.000999991
105,0.00100001
106,0.000999991
107,0.000999955
108,0.00100005
109,0.000999955
110,0.00100005
111,0.000999991
112,0.000999991
113,0.00100001
114,0.00100001
115,0.000999954
116,0.00100001
117,0.00100003
118,0.000999991
119,0.00100001
120,0.000999991
121,0.00100001
122,0.000999991
123,0.00100001
124,0.000999973
125,0.000999991
126,0.00100003
127,0.000999991
128,0.000999991
129,0.00100003
130,0.000999936
131,0.00100006
132,0.000999917
133,0.0010001
134,0.000999936
135,0.00100057
136,0.00100001
137,0.00100058
138,0.000998917
139,0.0010001
140,0.000999824
141,0.00100005
142,0.0010001
143,0.00099988
144,0.000999991
145,0.00100007
146,0.000999935
147,0.00100001
148,0.00100088
149,0.000999418
150,0.000999843
151,0.00100001
152,0.00099988
153,0.00100008
154,0.000999899
155,0.000999972
156,0.00100003
157,0.00100001
158,0.000999991
159,0.000999991
160,0.00100001
161,0.00100001
162,0.000999991
163,0.000999992
164,0.000999991
165,0.000999991
166,0.000999992
167,0.00100005
168,0.000999991
169,0.00100012
170,0.00099988
171,0.000999955
172,0.000999991
173,0.00100006
174,0.000999992
175,0.000999935
176,0.00100007
177,0.000999973
178,0.00100001
179,0.000999972
180,0.00100001
181,0.000999992
182,0.00100003
183,0.000999973
184,0.00100003
185,0.000999973
186,0.00100001
187,0.000999973
188,0.00100003
189,0.00100005
190,0.000999954
191,0.000999973
192,0.00100003
193,0.000999973
194,0.00100005
195,0.000999992
196,0.000999972
197,0.00100003
198,0.000999991
199,0.000999991
200,0.00100001
201,0.000999973
202,0.00100003
203,0.000999973
204,0.00100003
205,0.000999972
206,0.00100001
207,0.00100001
208,0.00100001
209,0.000999991
210,0.000999992
211,0.00100001
212,0.000999954
213,0.00100006
214,0.000999973
215,0.00100001
216,0.000999973
217,0.00100003
218,0.000999992
219,0.000999991
220,0.000999991
221,0.00100014
222,0.000999824
223,0.00100005
224,0.00100001
225,0.000999992
226,0.000999972
227,0.00100003
228,0.00100001
229,0.00100001
230,0.000999973
231,0.000999992
232,0.00100003
233,0.000999991
234,0.000999973
235,0.00100003
236,0.000999991
237,0.00100003
238,0.000999992
239,0.000999991
240,0.000999991
241,0.00100003
242,0.000999991
243,0.000999991
244,0.000999992
245,0.00100001
246,0.000999991
247,0.00100001
248,0.000999991
249,0.000999954
250,0.00100005
251,0.000999992
252,0.00100001
253,0.00100001
254,0.000999992
255,0.000999991
256,0.00100001
257,0.00100001
258,0.000999973
259,0.00100003
260,0.000999991
261,0.00100005
262,0.000999936
263,0.000999991
264,0.00100001
265,0.00100001
266,0.000999973
267,0.00100003
268,0.00100001
269,0.000999991
270,0.000999973
271,0.00100003
272,0.000999991
273,0.00100003
274,0.000999973
275,0.00100001
276,0.000999991
277,0.00100003
278,0.000999973
279,0.00100001
280,0.000999992
281,0.000999991
282,0.00100001
283,0.000999954
284,0.00100005
285,0.000999992
286,0.00100001
287,0.000999992
288,0.00100001
289,0.00100001
290,0.000999992
291,0.000999954
292,0.00100005
293,0.000999991
294,0.00100001
295,0.000999992
296,0.000999972
297,0.00100003
298,0.000999991
299,0.000999991
300,0.00100003
301,0.000999973
302,0.000999991
303,0.00100001
304,0.00100003
305,0.000999992
306,0.000999991
307,0.000999991
308,0.000999992
309,0.00100005
310,0.000999954
311,0.00100003
312,0.000999973
313,0.00100001
314,0.00100001
315,0.000999991
316,0.000999973
317,0.00100005
318,0.000999973
319,0.00100003
320,0.000999991
321,0.000999992
322,0.00100001
323,0.000999954
324,0.00100003
325,0.000999973
326,0.00100003
327,0.00100001
328,0.000999973
329,0.00100003
330,0.00100001
331,0.000999936
332,0.00100007
333,0.000999991
334,0.000999991
335,0.000999992
336,0.00100016
337,0.000999843
338,0.00100003
339,0.000999973
340,0.00100001
341,0.000999991
342,0.00100001
343,0.00100001
344,0.000999954
345,0.00100005
346,0.000999973
347,0.00100003
348,0.000999992
349,0.00100005
350,0.000999954
351,0.000999991
352,0.00100001
353,0.00100001
354,0.000999973
355,0.00100001
356,0.000999991
357,0.000999973
358,0.00100001
359,0.00100003
360,0.000999991
361,0.00100001
362,0.00100003
363,0.000999991
364,0.000999973
365,0.00100003
366,0.000999936
367,0.00100001
368,0.00100005
369,0.000999991
370,0.000999954
371,0.00100005
372,0.000999992
373,0.000999972
374,0.000999992
375,0.00100003
376,0.000999991
377,0.00100005
378,0.000999936
379,0.00100005
380,0.000999936
381,0.00100006
382,0.000999973
383,0.00100003
384,0.000999973
385,0.000999992
386,0.00100003
387,0.000999973
388,0.00100003
389,0.00100001
390,0.000999936
391,0.00100005
392,0.00100001
393,0.000999972
394,0.00100003
395,0.000999991
396,0.00100001
397,0.000999973
398,0.000999991
399,0.00100003
400,0.000999991
401,0.000999991
402,0.00100001
403,0.00100001
404,0.000999991
405,0.000999992
406,0.000999972
407,0.00100001
408,0.000999992
409,0.00100001
410,0.00100001
411,0.00100003
412,0.000999973
413,0.00100001
414,0.00100001
415,0.000999992
416,0.00100001
417,0.000999991
418,0.00100001
419,0.000999954
420,0.00100005
421,0.000999954
422,0.00100001
423,0.00100003
424,0.00100001
425,0.000999955
426,0.00100005
427,0.000999991
428,0.000999991
429,0.000999973
430,0.00100001
431,0.00100003
432,0.000999955
433,0.00100001
434,0.00100003
435,0.000999973
436,0.00100001
437,0.00100005
438,0.000999936
439,0.00100005
440,0.000999973
441,0.00100005
442,0.000999973
443,0.00100001
444,0.000999973
445,0.00100001
446,0.00100001
447,0.000999991
448,0.000999992
449,0.00100001
450,0.00100001
451,0.000999992
452,0.000999973
453,0.00100003
454,0.000999954
455,0.00100005
456,0.00100001
457,0.000999973
458,0.00100003
459,0.000999992
460,0.00100001
461,0.0010004
462,0.000999566
463,0.00100001
464,0.000999992
465,0.00100001
466,0.000999973
467,0.00100003
468,0.000999954
469,0.00100005
470,0.000999973
471,0.00100005
472,0.000999973
473,0.00100003
474,0.000999991
475,0.00100003
476,0.000999954
477,0.00100027
478,0.000999751
479,0.000999973
480,0.000999991
481,0.00100001
482,0.00100003
483,0.000999954
484,0.00100003
485,0.00100001
486,0.000999991
487,0.000999991
488,0.00100003
489,0.000999991
490,0.000999973
491,0.00100003
492,0.000999992
493,0.000999972
494,0.00100001
495,0.00100003
496,0.000999991
497,0.00100001
498,0.000999973
499,0.00100003
500,0.000999936
501,0.00100005
502,0.00100001
503,0.000999973
504,0.00100003
505,0.000999973
506,0.00100003
507,0.000999973
508,0.00100003
509,0.000999936
510,0.00100003
511,0.000999992
512,0.000999991
513,0.00100005
514,0.00100001
515,0.000999973
516,0.00100001
517,0.00100001
518,0.000999992
519,0.00100003
520,0.000999936
521,0.00100005
522,0.00100001
523,0.000999973
524,0.000999991
525,0.00100005
526,0.00100012
527,0.00099988
528,0.000999936
529,0.00100005
530,0.000999991
531,0.00100001
532,0.000999936
533,0.00100008
534,0.000999972
535,0.00100021
536,0.000999899
537,0.000999917
538,0.000999954
539,0.00100027
540,0.000999751
541,0.000999973
542,0.00100003
543,0.000999955
544,0.00100001
545,0.00100003
546,0.00100001
547,0.000999991
548,0.000999991
549,0.00100007
550,0.000999954
551,0.000999991
552,0.000999992
553,0.000999954
554,0.00100006
555,0.000999973
556,0.00100001
557,0.00100001
558,0.000999973
559,0.000999991
560,0.00100001
561,0.00100005
562,0.000999973
563,0.000999973
564,0.000999991
565,0.00100005
566,0.000999991
567,0.000999991
568,0.00100001
569,0.00100001
570,0.000999973
571,0.000999991
572,0.00100001
573,0.00100003
574,0.000999991
575,0.000999936
576,0.00100006
577,0.000999991
578,0.00100001
579,0.000999973
580,0.00100001
581,0.00100001
582,0.000999991
583,0.000999992
584,0.000999991
585,0.00100005
586,0.000999973
587,0.000999991
588,0.000999991
589,0.00100001
590,0.00100001
591,0.00100001
592,0.000999991
593,0.000999955
594,0.00100005
595,0.00100001
596,0.000999955
597,0.00100001
598,0.00100003
599,0.00100001
600,0.000999973
601,0.000999991
602,0.000999991
603,0.00100003
604,0.000999954
605,0.00100006
606,0.000999955
607,0.00100003
608,0.00100001
609,0.000999991
610,0.000999955
611,0.00100003
612,0.000999991
613,0.00100001
614,0.00100003
615,0.000999992
616,0.000999973
617,0.00100001
618,0.00100001
619,0.00100001
620,0.000999992
621,0.000999991
622,0.00100001
623,0.000999991
624,0.000999991
625,0.00100005
626,0.000999936
627,0.00100003
628,0.00100001
629,0.00100003
630,0.000999936
631,0.00100005
632,0.000999992
633,0.000999991
634,0.00100001
635,0.000999954
636,0.00100005
637,0.000999992
638,0.00100001
639,0.000999992
640,0.00100001
641,0.000999954
642,0.00100001
643,0.000999991
644,0.00100005
645,0.000999991
646,0.000999973
647,0.00100003
648,0.000999972
649,0.00100005
650,0.000999973
651,0.00100001
652,0.000999973
653,0.00100005
654,0.000999972
655,0.0010006
656,0.00100029
657,0.000999491
658,0.0010001
659,0.00099951
660,0.000999992
661,0.000999972
662,0.00100016
663,0.000999881
664,0.000999972
665,0.00100001
666,0.00100001
667,0.00100001
668,0.00100001
669,0.00100001
670,0.000999991
671,0.000999973
672,0.00100001
673,0.00100003
674,0.000999992
675,0.000999972
676,0.000999992
677,0.00100001
678,0.00100001
679,0.00100001
680,0.000999955
681,0.00100003
682,0.00100001
683,0.00100001
684,0.000999954
685,0.00100006
686,0.000999955
687,0.00100003
688,0.000999954
689,0.00100005
690,0.000999992
691,0.00100001
692,0.000999973
693,0.000999973
694,0.00100003
695,0.00100001
696,0.000999973
697,0.00100005
698,0.000999954
699,0.000999973
700,0.00100005
701,0.00100003
702,0.000999973
703,0.00100001
704,0.00100001
705,0.00100001
706,0.000999973
707,0.000999973
708,0.00100005
709,0.000999955
710,0.00100003
711,0.000999991
712,0.000999973
713,0.00100001
714,0.00100003
715,0.000999991
716,0.000999991
717,0.00100003
718,0.000999991
719,0.00100001
720,0.000999973
721,0.00100003
722,0.000999991
723,0.000999973
724,0.000999992
725,0.000999991
726,0.00100005
727,0.000999973
728,0.00100003
729,0.000999991
730,0.00100001
731,0.000999973
732,0.00100003
733,0.000999992
734,0.00100001
735,0.00100001
736,0.000999992
737,0.000999991
738,0.000999991
739,0.000999973
740,0.00100003
741,0.00100001
742,0.000999972
743,0.00100003
744,0.000999991
745,0.000999991
746,0.00100001
747,0.00100001
748,0.000999954
749,0.00100003
750,0.000999973
751,0.00100005
752,0.000999954
753,0.00100005
754,0.000999973
755,0.00100001
756,0.000999992
757,0.00100003
758,0.000999991
759,0.000999992
760,0.000999991
761,0.00100003
762,0.00100001
763,0.000999992
764,0.000999973
765,0.00100003
766,0.000999973
767,0.00100001
768,0.000999972
769,0.000999973
770,0.00100005
771,0.000999992
772,0.00100001
773,0.000999992
774,0.000999973
775,0.00100005
776,0.000999973
777,0.00100003
778,0.000999991
779,0.00100001
780,0.000999991
781,0.00100003
782,0.000999972
783,0.000999973
784,0.00100003
785,0.00100001
786,0.000999992
787,0.000999936
788,0.00100006
789,0.00100001
790,0.00100001
791,0.000999973
792,0.00100003
793,0.000999973
794,0.00100003
795,0.000999973
796,0.00100001
797,0.000999991
798,0.000999991
799,0.000999973
800,0.00100005
801,0.000999973
802,0.00100001
803,0.00100001
804,0.000999973
805,0.00100001
806,0.000999973
807,0.00100005
808,0.000999954
809,0.00100005
810,0.000999973
811,0.000999992
812,0.00100003
813,0.00100003
814,0.000999973
815,0.000999973
816,0.00100003
817,0.000999992
818,0.00100001
819,0.000999954
820,0.00100005
821,0.000999936
822,0.00100003
823,0.00100003
824,0.00100001
825,0.000999991
826,0.000999992
827,0.00100001
828,0.00100001
829,0.000999954
830,0.00100005
831,0.000999973
832,0.000999972
833,0.00100005
834,0.000999992
835,0.000999972
836,0.000999992
837,0.00100003
838,0.000999973
839,0.00100005
840,0.000999991
841,0.000999992
842,0.00100014
843,0.00099988
844,0.000999992
845,0.000999991
846,0.00100001
847,0.000999973
848,0.00100003
849,0.000999991
850,0.00100001
851,0.000999992
852,0.00100001
853,0.00100001
854,0.000999992
855,0.000999991
856,0.00100001
857,0.000999991
858,0.00100001
859,0.000999991
860,0.00100001
861,0.00100001
862,0.000999991
863,0.000999973
864,0.00100001
865,0.00100001
866,0.000999973
867,0.00100003
868,0.000999955
869,0.000999991
870,0.00100005
871,0.000999991
872,0.00100001
873,0.000999991
874,0.00100001
875,0.00100001
876,0.000999991
877,0.00100001
878,0.000999992
879,0.000999972
880,0.000999992
881,0.00100003
882,0.000999991
883,0.000999973
884,0.00100003
885,0.000999991
886,0.00100003
887,0.000999955
888,0.00100003
889,0.000999973
890,0.00100001
891,0.00100003
892,0.00100001
893,0.000999991
894,0.000999973
895,0.00100003
896,0.000999991
897,0.00100001
898,0.000999973
899,0.000999991
900,0.00100001
901,0.00100005
902,0.000999972
903,0.000999992
904,0.000999991
905,0.00100001
906,0.00100001
907,0.00100001
908,0.000999991
909,0.000999991
910,0.000999992
911,0.000999991
912,0.00100003
913,0.00100001
914,0.000999955
915,0.00100003
916,0.00100001
917,0.000999991
918,0.000999992
919,0.00100001
920,0.000999992
921,0.00100001
922,0.00100001
923,0.000999973
924,0.000999973
925,0.00100003
926,0.000999972
927,0.00100005
928,0.000999973
929,0.00100003
930,0.000999992
931,0.00100001
932,0.000999954
933,0.00100006
934,0.000999936
935,0.00100005
936,0.00100003
937,0.000999992
938,0.000999954
939,0.00100001
940,0.00100001
941,0.000999954
942,0.00100005
943,0.000999991
944,0.000999992
945,0.000999991
946,0.00100003
947,0.000999955
948,0.00100005
949,0.00100003
950,0.000999954
951,0.00100001
952,0.000999973
953,0.00100106
954,0.00100031
955,0.00100032
956,0.00100001
957,0.000999788
958,0.000999547
959,0.00100016
960,0.00100051
961,0.000998603
962,0.000999751
963,0.000999954
964,0.00100003
965,0.00100071
966,0.000999676
967,0.000999584
968,0.00100003
969,0.00100097
970,0.00100042
971,0.000999843
972,0.00100086
973,0.000999158
974,0.000999695
975,0.00100006
976,0.00100003
977,0.000999455
978,0.000999917
979,0.000999769
980,0.00100019
981,0.00099988
982,0.000999714
983,0.00100003
984,0.00100014
985,0.000999954
986,0.00100007
987,0.00100027
988,0.000999713
989,0.00100066
990,0.00100057
991,0.000999195
992,0.000999917
993,0.00100038
994,0.000999288
995,0.000999954
996,0.000999936
997,0.0010009
998,0.00099925
999,0.000999936
